pos_NC_007605.1	pos_NC_009334.1	base_NC_007605.1	base_NC_009334.1
7	7	C	T
25	25	C	G
100	100	C	G
253	253	G	T
475	475	T	G
479	479	A	G
640	640	C	T
778	778	A	G
1438	1438	T	A
1741	1741	A	G
1744	1744	G	T
1841	1841	G	C
1870	1870	A	C
2251	2251	C	T
2640	2640	A	G
2719	2719	C	T
2794	2794	C	T
2971	2971	C	T
3112	3112	T	C
3286	3286	G	A
3494	3494	A	C
3814	3814	A	G
3934	3934	C	T
3942	3942	G	T
4020	4020	C	T
4125	4125	A	G
4135	4135	C	T
4303	4303	A	G
4690	4690	A	C
4753	4753	G	T
4823	4823	T	C
5064	5064	T	C
5452	5452	T	C
5746	5746	T	G
5811	5816	A	C
6035	6040	C	T
6182	6187	T	C
6370	6375	T	G
6808	6813	T	A
6884	6889	G	A
6886	6891	T	G
6911	6916	A	G
6927	6932	G	A
6944	6949	G	A
7123	7128	A	G
7198	7203	C	A
7231	7236	A	G
7427	7432	C	T
7449	7454	G	T
7469	7474	G	A
7474	7479	C	T
7492	7497	A	G
7499	7504	A	G
7522	7527	G	A
7530	7535	G	A
7534	7539	T	G
7548	7553	C	A
7560	7565	G	A
7564	7569	T	G
7566	7571	A	G
7582	7587	A	G
7589	7594	A	G
7612	7617	G	A
7620	7625	G	A
7624	7629	T	G
7638	7643	C	A
7650	7655	G	A
7654	7659	T	G
7679	7684	A	G
7736	7715	G	A
7740	7719	T	G
7742	7721	A	G
7746	7725	A	G
7758	7737	A	G
7765	7744	T	G
7766	7745	A	G
7769	7748	C	A
7771	7750	C	A
7772	7751	T	G
7795	7774	G	A
7796	7775	G	A
7800	7779	C	G
7818	7797	A	G
7825	7804	A	G
7856	7835	G	A
7860	7839	T	G
7866	7845	A	G
7874	7853	C	A
7882	7861	C	T
7885	7864	A	T
7886	7865	G	A
7889	7868	A	C
7891	7870	A	C
7892	7871	A	T
7895	7874	T	C
7896	7875	A	T
7899	7878	A	G
7912	7891	C	T
7915	7894	A	T
7916	7895	G	A
7919	7898	A	C
7921	7900	A	C
7922	7901	G	T
7925	7904	T	A
7926	7905	A	T
7929	7908	A	G
7942	7921	C	T
7945	7924	A	T
7946	7925	G	A
7949	7928	A	C
7952	7931	G	T
7955	7934	T	C
7956	7935	A	T
7959	7938	A	G
7964	7943	C	A
7968	7947	G	A
7972	7951	C	T
7975	7954	A	T
7976	7955	G	A
7979	7958	A	C
7981	7960	A	C
7982	7961	G	T
7985	7964	T	A
7986	7965	A	T
7989	7968	A	G
8006	7989	G	T
8011	7994	T	C
8019	8002	T	C
8028	8011	C	T
8033	8016	G	C
8059	8042	G	A
8122	8105	T	C
8128	8111	C	T
8275	8258	T	G
8689	8672	G	A
8953	8936	C	T
9062	9045	A	G
9097	9080	A	G
9137	9120	C	A
9158	9141	A	C
9166	9149	T	C
9234	9217	G	A
9292	9275	G	A
9351	9334	C	T
9788	9772	A	G
9980	9964	C	A
10398	10382	A	G
10577	10561	A	G
10599	10583	C	T
10665	10649	C	A
10714	10698	G	A
10720	10704	C	T
10725	10709	C	T
10751	10735	T	C
10935	10920	T	C
11039	11024	A	C
11340	11325	C	A
12128	12113	G	T
12129	12114	T	A
12558	12543	T	A
12649	12634	T	C
12657	12642	A	G
12703	12688	T	C
12778	12763	T	G
12792	12777	G	A
12800	12785	G	C
13095	13080	A	G
13175	13160	T	C
13177	13162	G	A
13192	13177	C	T
13241	13223	G	T
13249	13231	G	A
13458	13440	C	T
13530	13512	T	G
13583	13565	G	A
13593	13575	T	C
13612	13594	G	T
13835	13817	T	C
14513	14496	C	T
14576	14559	G	T
14587	14570	A	G
14928	14911	A	T
15096	15079	T	G
15200	15183	G	T
15630	15613	T	A
15721	15704	T	C
15729	15712	A	G
15775	15758	T	C
15850	15833	T	G
15864	15847	G	A
15872	15855	G	C
16167	16150	A	G
16247	16230	T	C
16249	16232	G	A
16264	16247	C	T
16313	16293	G	T
16321	16301	G	A
16530	16510	C	T
16602	16582	T	G
16655	16635	G	A
16665	16645	T	C
16684	16664	G	T
16907	16887	T	C
17585	17566	C	T
17648	17629	G	T
17659	17640	A	G
18000	17981	A	T
18168	18149	T	G
18272	18253	G	T
18702	18683	T	A
18793	18774	T	C
18801	18782	A	G
18847	18828	T	C
18922	18903	T	G
18936	18917	G	A
18944	18925	G	C
19239	19220	A	G
19319	19300	T	C
19321	19302	G	A
19336	19317	C	T
19385	19363	G	T
19393	19371	G	A
19602	19580	C	T
19674	19652	T	G
19727	19705	G	A
19737	19715	T	C
19756	19734	G	T
19979	19957	T	C
20657	20636	C	T
20720	20699	G	T
20731	20710	A	G
21072	21051	A	T
21240	21219	T	G
21344	21323	G	T
21774	21753	T	A
21865	21844	T	C
21873	21852	A	G
21919	21898	T	C
21994	21973	T	G
22008	21987	G	A
22016	21995	G	C
22311	22290	A	G
22391	22370	T	C
22393	22372	G	A
22408	22387	C	T
22457	22433	G	T
22465	22441	G	A
22674	22650	C	T
22746	22722	T	G
22799	22775	G	A
22809	22785	T	C
22828	22804	G	T
23051	23027	T	C
23729	23706	C	T
23792	23769	G	T
23803	23780	A	G
24144	24121	A	T
24312	24289	T	G
24416	24393	G	T
24846	24823	T	A
24937	24914	T	C
24945	24922	A	G
24991	24968	T	C
25066	25043	T	G
25080	25057	G	A
25088	25065	G	C
25383	25360	A	G
25463	25440	T	C
25465	25442	G	A
25480	25457	C	T
25529	25503	G	T
25537	25511	G	A
25746	25720	C	T
25818	25792	T	G
25871	25845	G	A
25881	25855	T	C
25900	25874	G	T
26123	26097	T	C
26801	26776	C	T
26864	26839	G	T
26875	26850	A	G
27216	27191	A	T
27384	27359	T	G
27488	27463	G	T
27918	27893	T	A
28009	27984	T	C
28017	27992	A	G
28063	28038	T	C
28138	28113	T	G
28152	28127	G	A
28160	28135	G	C
28455	28430	A	G
28535	28510	T	C
28537	28512	G	A
28552	28527	C	T
28601	28573	G	T
28609	28581	G	A
28818	28790	C	T
28890	28862	T	G
28943	28915	G	A
28953	28925	T	C
28972	28944	G	T
29195	29167	T	C
29873	29846	C	T
29936	29909	G	T
29947	29920	A	G
30288	30261	A	T
30456	30429	T	G
30560	30533	G	T
30990	30963	T	A
31081	31054	T	C
31089	31062	A	G
31135	31108	T	C
31210	31183	T	G
31224	31197	G	A
31232	31205	G	C
31527	31500	A	G
31607	31580	T	C
31609	31582	G	A
31624	31597	C	T
31673	31643	G	T
31681	31651	G	A
31890	31860	C	T
31962	31932	T	G
32015	31985	G	A
32025	31995	T	C
32044	32014	G	T
32267	32237	T	C
32945	32916	C	T
33008	32979	G	T
33019	32990	A	G
33360	33331	A	T
33528	33499	T	G
33632	33603	G	T
34062	34033	T	A
34153	34124	T	C
34161	34132	A	G
34207	34178	T	C
34282	34253	T	G
34296	34267	G	A
34304	34275	G	C
34599	34570	A	G
34679	34650	T	C
34681	34652	G	A
34696	34667	C	T
34745	34713	G	T
34753	34721	G	A
34962	34930	C	T
35034	35002	T	G
35087	35055	G	A
35097	35065	T	C
35116	35084	G	T
35339	35307	T	C
35356	35324	T	C
35463	35431	T	C
35490	35458	C	A
35492	35460	G	A
35493	35461	G	A
35502	35470	T	A
35504	35472	G	A
35518	35486	T	C
35538	35506	T	G
35619	35587	A	C
35622	35590	C	G
35623	35591	C	A
35624	35592	A	G
35625	35593	C	A
35631	35599	G	C
35636	35604	C	A
35638	35606	A	C
35644	35612	A	G
35651	35619	A	G
35652	35620	G	A
35772	35740	G	C
35774	35742	T	C
35781	35749	T	C
35806	35774	T	C
35831	35799	G	T
35832	35800	T	C
35839	35807	C	T
35840	35808	G	A
35846	35814	C	A
35866	35835	G	T
35879	35848	C	G
35909	35878	C	A
35925	35910	T	C
35933	35918	T	G
35938	35923	T	G
35946	35931	G	A
35949	35934	G	T
35950	35935	G	T
35951	35936	C	G
35973	35958	C	T
35993	35978	C	T
35999	35984	A	G
36011	35996	T	C
36012	35997	A	G
36023	36008	T	G
36056	36041	T	A
36102	36087	C	T
36107	36092	A	G
36209	36194	C	T
36226	36211	T	A
36251	36236	A	G
36252	36237	A	T
36258	36243	C	A
36275	36260	G	T
36302	36287	A	C
36312	36297	T	A
36320	36305	C	T
36335	36320	G	A
36339	36324	G	A
36341	36326	C	T
36343	36328	C	A
36355	36340	C	A
36360	36345	A	C
36361	36346	C	A
36366	36351	T	G
36371	36356	T	C
36383	36368	G	T
36435	36378	C	G
36440	36383	A	G
36445	36388	C	A
36455	36398	A	C
36464	36407	A	T
36516	36423	C	G
36545	36452	A	C
36547	36454	C	T
36551	36458	T	A
36554	36461	T	G
36559	36466	G	T
36561	36468	G	A
36566	36473	G	C
36569	36476	A	G
36572	36479	A	C
36573	36480	T	A
36574	36481	A	G
36580	36487	T	C
36582	36489	G	A
36584	36491	G	T
36587	36494	T	A
36590	36497	A	C
36596	36503	A	G
36603	36510	G	T
36605	36512	T	C
36608	36515	G	A
36609	36516	C	A
36620	36527	G	C
36627	36534	A	C
36629	36536	T	A
36632	36539	T	C
36633	36540	A	C
36636	36543	G	C
36638	36545	A	T
36642	36549	C	A
36644	36551	A	C
36645	36552	T	G
36653	36560	T	C
36654	36561	G	C
36656	36563	C	A
36658	36565	G	A
36659	36566	G	A
36666	36573	A	C
36669	36576	T	A
36670	36577	T	G
36676	36583	A	T
36680	36587	C	A
36690	36597	G	C
36691	36598	C	G
36693	36600	C	T
36700	36607	C	T
36703	36610	G	C
36704	36611	G	C
36709	36616	T	A
36710	36617	C	A
36712	36619	A	G
36713	36620	G	T
36715	36622	C	A
36718	36625	A	C
36724	36631	C	A
36736	36643	C	A
36738	36645	A	G
36739	36646	C	A
36740	36647	A	G
36748	36655	C	T
36757	36664	C	T
36761	36667	T	A
36762	36668	C	G
36763	36669	T	A
36774	36676	A	C
36776	36678	G	C
36780	36680	A	C
36786	36688	C	T
36810	36703	A	T
36817	36708	C	G
36820	36711	C	T
36823	36718	C	A
36833	36725	G	T
36835	36727	C	A
36847	36736	T	C
36869	36752	C	T
36871	36754	G	T
36892	36766	C	G
36894	36768	C	A
36895	36769	C	T
36898	36772	T	C
36902	36776	C	G
36904	36778	C	T
36905	36779	G	A
36906	36780	G	A
36910	36784	T	C
36913	36787	A	C
36919	36793	C	A
36924	36797	G	T
36939	36813	C	A
36942	36816	T	C
36952	36832	G	A
36953	36833	C	A
36955	36835	T	G
36961	36840	T	A
36963	36842	C	A
36970	36847	T	G
36984	36856	C	T
36990	36867	A	C
36991	36868	T	C
36995	36872	C	T
37000	36877	T	C
37001	36878	T	C
37002	36879	A	C
37004	36881	T	G
37010	36887	A	G
37021	36899	A	T
37026	36906	C	T
37028	36908	A	T
37035	36915	C	A
37039	36919	A	G
37043	36924	A	C
37052	36935	G	C
37060	36940	T	C
37064	36944	T	C
37066	36946	A	G
37073	36953	A	T
37074	36954	C	T
37080	36960	C	A
37086	36966	C	T
37092	36972	T	G
37093	36973	C	A
37096	36976	A	C
37103	36983	A	G
37124	37004	G	C
37127	37007	A	C
37129	37009	C	T
37136	37016	G	T
37142	37022	C	T
37143	37023	A	T
37145	37025	C	T
37155	37035	T	G
37156	37036	T	C
37159	37039	A	T
37162	37042	A	C
37165	37045	T	C
37167	37047	C	A
37169	37049	C	T
37170	37050	T	C
37172	37052	G	A
37193	37073	C	T
37194	37074	A	G
37197	37077	T	C
37206	37086	C	A
37210	37090	A	C
37212	37092	C	A
37215	37095	T	A
37218	37098	A	C
37227	37115	G	T
37228	37116	G	A
37233	37125	A	G
37237	37129	G	C
37240	37132	G	A
37241	37133	A	C
37245	37137	A	G
37248	37140	A	C
37249	37141	G	A
37253	37145	G	A
37280	37172	G	A
37281	37173	G	A
37291	37183	A	G
37293	37185	T	G
37294	37186	C	G
37303	37192	A	T
37313	37199	G	A
37321	37207	G	A
37325	37211	T	A
37326	37212	T	C
37336	37222	A	G
37341	37227	A	G
37346	37232	C	T
37358	37244	C	T
37365	37251	G	C
37368	37254	C	T
37376	37262	A	G
37379	37265	C	T
37380	37266	C	G
37383	37269	G	A
37400	37286	A	G
37404	37290	G	C
37408	37294	G	A
37410	37296	G	A
37421	37307	T	C
37424	37310	T	C
37430	37316	A	G
37433	37319	C	T
37435	37321	A	C
37436	37322	T	G
37441	37327	C	G
37448	37334	T	C
37457	37341	T	G
37459	37343	C	G
37464	37350	A	T
37466	37352	G	A
37476	37362	A	G
37479	37365	G	A
37499	37385	G	A
37506	37392	C	T
37507	37393	A	C
37509	37395	A	G
37514	37400	C	T
37515	37401	C	G
37516	37402	C	A
37520	37406	G	A
37521	37407	G	C
37523	37409	T	C
37527	37413	A	T
37539	37425	G	A
37540	37426	A	G
37557	37443	T	A
37559	37445	T	G
37560	37446	A	T
37565	37451	C	A
37568	37454	C	T
37574	37460	C	A
37580	37466	C	T
37592	37478	T	G
37593	37479	T	G
37594	37480	A	G
37604	37490	G	A
37618	37504	C	A
37625	37511	A	T
37634	37520	T	G
37635	37521	T	A
37640	37526	G	A
37642	37528	A	G
37646	37532	A	G
37649	37535	C	T
37665	37551	C	A
37672	37558	T	C
37673	37559	C	T
37682	37568	A	G
37683	37569	C	A
37688	37574	G	A
37690	37576	C	T
37699	37585	C	T
37702	37588	C	T
37726	37612	C	A
37728	37614	T	G
37729	37615	C	A
37735	37621	C	T
37743	37629	C	T
37750	37636	A	C
37766	37652	C	T
37785	37776	G	A
37805	37796	A	C
37808	37799	A	G
37815	37806	G	T
37819	37810	G	T
37835	37826	T	G
37861	37852	A	G
37880	37871	A	C
37894	37885	C	T
37922	37913	C	T
37955	37946	G	T
37970	37961	C	T
38034	38025	G	C
38035	38026	G	A
38083	38074	T	G
38301	38418	T	A
38660	38777	C	T
38801	38918	T	A
39176	39293	T	A
39410	39527	C	T
39551	39668	T	A
40166	40283	A	C
40197	40314	G	A
41822	41938	T	C
41823	41939	T	C
41835	41951	T	C
41855	41971	T	C
41856	41972	T	C
41857	41973	T	C
41904	42020	T	C
42327	42443	T	C
43568	43684	G	T
45403	45519	C	T
46645	46761	G	T
46827	46943	C	T
48025	48141	A	C
48028	48144	G	A
48506	48622	G	T
49677	49793	C	T
49713	49829	C	A
49725	49841	A	G
50882	50998	T	C
50885	51001	C	T
51034	51150	G	T
51153	51269	C	G
51394	51510	T	C
52403	52519	T	C
52808	52924	T	C
53411	53527	G	T
53772	53888	G	A
53774	53890	G	A
53816	53932	G	T
53873	53989	T	C
53948	54064	A	G
54137	54253	C	T
54364	54480	C	A
54521	54637	G	A
54635	54751	A	C
54657	54773	G	A
54957	55073	T	C
55297	55413	T	C
55619	55735	A	G
55745	55861	C	T
56150	56266	T	C
56269	56385	C	G
56432	56548	T	C
56456	56572	G	A
56485	56601	T	G
56511	56627	C	T
56514	56630	G	C
56555	56671	G	A
56582	56698	A	G
56586	56702	T	C
56701	56817	T	C
56854	56970	A	C
56950	57066	G	T
57161	57277	G	A
57367	57483	G	A
57373	57489	G	T
57423	57539	G	T
57497	57613	T	C
57530	57646	A	G
57549	57665	G	T
57553	57669	T	G
57568	57684	G	T
57569	57685	A	T
57570	57686	A	G
57573	57689	A	G
57575	57691	T	A
57643	57759	T	C
57697	57813	T	C
57798	57914	T	C
58027	58143	T	C
58169	58300	G	A
60049	60180	A	G
61168	61299	T	C
61260	61391	T	C
61278	61409	T	C
61431	61562	G	A
61580	61711	G	T
62121	62252	C	T
62169	62303	A	G
62501	62635	C	T
62592	62726	T	G
62769	62903	C	T
62892	63026	T	C
62924	63058	T	C
63264	63398	C	A
63689	63823	T	G
63864	63998	T	C
63897	64031	A	G
64139	64273	C	T
64217	64351	C	A
64862	64996	T	C
64872	65006	A	C
64883	65017	T	C
65024	65158	G	T
65273	65407	C	T
69102	69236	C	T
69670	69804	A	T
71277	71411	C	G
71690	71824	C	T
71780	71914	G	T
73090	73224	A	G
73265	73399	T	C
73523	73657	G	A
73726	73860	T	C
73874	74008	C	T
73889	74023	T	C
74222	74356	T	C
74854	74988	T	C
75430	75564	T	C
75448	75582	T	C
76604	76738	T	C
76762	76896	A	G
76909	77043	T	G
76918	77052	T	A
77056	77190	C	T
77131	77265	T	C
77196	77330	A	C
77211	77345	A	G
77325	77459	T	A
77432	77566	G	T
77606	77740	G	T
77703	77837	T	C
77737	77871	A	G
77849	77983	G	A
77851	77985	T	A
77941	78075	T	G
77963	78097	G	A
77979	78113	G	T
77993	78127	C	T
78021	78155	A	G
78029	78163	C	T
78069	78203	G	A
78091	78225	C	A
78146	78259	A	G
78192	78305	A	G
78341	78412	A	G
78383	78454	A	G
78544	78615	T	G
79026	79097	G	T
79299	79370	C	T
79344	79415	C	T
79410	79481	C	T
79416	79487	C	T
79419	79490	G	T
79455	79526	T	G
79523	79594	C	T
79650	79721	C	T
79666	79737	T	A
79682	79753	C	T
79688	79759	G	T
79723	79794	A	G
79752	79823	T	C
79754	79825	T	C
79755	79826	G	T
79774	79845	G	A
79803	79874	T	A
79808	79879	C	G
79815	79886	A	T
79821	79892	C	A
79872	79943	G	A
79893	79964	T	C
79908	79979	A	G
79942	80013	T	C
79977	80048	C	T
79986	80057	T	C
80011	80079	C	A
80025	80093	T	G
80029	80097	G	T
80037	80105	A	G
80040	80108	T	C
80041	80109	A	G
80044	80112	G	T
80046	80114	C	A
80075	80143	T	A
80096	80164	A	G
80125	80193	G	A
80126	80194	G	T
80133	80201	A	G
80139	80207	C	A
80140	80208	G	A
80149	80217	G	A
80159	80227	C	G
80173	80241	G	T
80187	80255	G	A
80190	80258	C	A
80192	80260	A	G
80196	80264	T	C
80200	80268	A	C
80203	80271	C	T
80208	80276	C	T
80214	80282	T	A
80221	80289	G	T
80237	80305	C	T
80238	80306	G	A
80248	80316	A	G
80255	80323	C	T
80262	80330	C	G
80263	80331	A	G
80264	80332	C	T
80267	80335	C	A
80275	80343	G	A
80287	80355	G	A
80300	80368	A	T
80312	80380	T	C
80314	80382	A	G
80334	80402	A	G
80341	80409	A	G
80360	80425	A	G
80383	80448	G	A
80385	80450	A	C
80386	80451	T	C
80393	80458	A	G
80438	80503	G	C
80439	80504	A	C
80445	80510	A	G
80492	80557	A	G
80511	80576	G	A
80512	80577	A	G
80518	80583	C	T
80529	80594	C	A
80532	80597	C	A
80533	80598	A	C
80534	80599	A	C
80546	80611	C	T
80549	80614	A	T
80576	80641	C	T
80602	80667	A	C
80607	80672	A	G
80608	80673	C	T
80613	80678	C	G
80618	80683	A	G
80619	80684	T	A
80622	80687	G	A
80630	80695	C	G
80639	80704	A	T
80649	80714	A	G
80652	80717	G	A
80669	80734	C	T
80681	80746	C	T
80695	80760	A	G
80698	80763	T	C
80710	80775	C	G
80711	80776	C	T
80745	80810	T	C
80746	80811	C	G
80754	80819	A	G
80757	80822	A	C
80762	80827	A	G
80768	80833	C	T
80770	80835	G	C
80777	80842	C	A
80778	80843	C	T
80801	80866	T	C
80807	80872	T	C
80813	80878	C	T
80837	80902	G	T
80843	80908	T	G
80844	80909	T	G
80855	80920	C	T
80865	80930	T	A
80882	80947	A	G
80885	80950	A	C
80894	80959	G	A
80895	80960	A	C
80897	80962	A	C
80903	80968	T	G
80907	80972	T	G
80908	80973	C	T
80912	80977	T	C
80931	80996	G	T
80937	81002	C	T
80955	81020	C	G
80969	81034	C	G
80975	81040	C	G
80987	81052	G	A
81017	81082	T	G
81026	81091	T	G
81035	81100	T	C
81039	81104	A	C
81040	81105	T	A
81062	81127	G	A
81070	81135	T	G
81084	81149	G	T
81092	81157	G	A
81095	81160	A	G
81113	81178	G	A
81125	81190	A	G
81137	81202	T	A
81144	81209	T	C
81147	81212	A	G
81158	81223	A	G
81160	81225	G	A
81165	81230	C	A
81171	81236	G	C
81172	81237	T	A
81175	81240	A	G
81192	81257	A	T
81200	81265	T	C
81216	81281	C	T
81234	81299	C	G
81238	81303	C	A
81239	81304	A	G
81244	81309	A	G
81247	81312	G	C
81250	81315	A	G
81255	81320	G	A
81256	81321	T	C
81262	81327	A	C
81263	81328	A	G
81271	81336	G	C
81273	81338	G	A
81276	81341	A	C
81302	81367	T	A
81307	81372	C	A
81329	81394	A	G
81336	81401	G	T
81338	81403	C	T
81426	81467	G	C
81428	81469	A	G
81435	81476	G	A
81450	81491	C	A
81451	81492	C	T
81458	81499	A	T
81466	81503	C	A
81470	81507	T	C
81481	81514	C	A
81500	81526	T	C
81516	81542	T	C
81517	81543	T	C
81520	81546	G	A
81521	81547	C	A
81524	81550	C	T
81527	81553	G	A
81532	81558	T	G
81545	81571	A	G
81556	81582	C	T
81560	81586	T	C
81585	81611	C	T
81594	81620	A	T
81595	81621	C	T
81600	81626	G	T
81603	81629	G	C
81608	81634	G	A
81609	81635	C	A
81610	81636	A	G
81629	81655	A	C
81637	81663	A	C
81665	81691	G	T
81668	81694	A	T
81710	81721	G	C
81720	81731	A	G
81740	81751	C	G
81747	81758	A	C
81760	81771	G	A
81765	81776	G	A
81767	81778	G	A
81791	81802	T	G
81803	81814	T	C
81812	81823	T	C
81871	81882	T	C
81873	81884	A	C
81874	81885	A	G
81875	81886	A	T
81900	81911	C	A
81939	81950	G	A
81949	81960	T	A
81975	81986	G	T
81992	82003	T	C
82001	82012	G	T
82003	82014	T	C
82009	82020	C	A
82011	82022	C	T
82022	82033	G	T
82025	82036	G	A
82034	82045	A	T
82057	82068	T	C
82084	82095	T	C
82214	82225	G	A
82235	82246	T	C
82240	82251	A	G
82252	82263	C	A
82260	82271	G	A
82462	82473	C	A
82473	82484	A	C
82483	82494	G	A
82487	82498	T	C
82533	82544	C	T
82584	82595	G	A
82606	82617	G	A
82658	82669	G	A
82672	82683	A	G
82763	82774	A	G
82764	82775	G	A
82772	82783	A	G
82783	82794	G	A
82786	82797	C	A
82791	82802	A	C
82815	82826	G	A
82964	82974	G	A
82967	82977	T	C
83037	83046	C	T
83063	83072	T	A
83161	83170	A	C
83162	83171	C	A
83178	83187	G	T
83192	83201	A	C
83293	83302	C	G
83319	83328	C	T
83331	83340	T	A
83343	83352	C	G
83400	83409	C	T
83406	83415	C	T
83454	83463	C	A
83463	83472	T	A
83482	83491	G	T
83515	83524	C	T
83517	83526	C	T
83559	83568	A	G
83580	83589	C	A
83608	83617	A	C
83622	83631	A	G
83627	83636	T	A
83640	83649	T	G
83656	83665	T	C
83660	83669	G	A
83665	83674	T	A
83685	83694	C	T
83691	83700	T	A
83693	83702	A	C
83700	83709	A	T
83716	83725	T	A
83724	83733	G	A
83727	83736	C	T
83730	83739	T	A
83739	83748	G	A
83740	83749	G	C
83769	83778	T	A
83776	83785	A	C
83777	83786	C	T
83789	83798	C	T
83793	83802	G	T
83815	83824	A	C
83826	83835	A	G
83847	83856	C	A
83860	83869	C	T
83928	83937	C	T
83946	83955	T	C
83969	83978	A	G
83980	83989	T	G
83986	83995	A	G
83988	83997	T	C
84004	84013	T	C
84009	84018	C	T
84033	84042	C	T
84064	84073	A	T
84065	84074	A	C
84067	84076	G	C
84070	84079	G	T
84082	84091	T	A
84084	84093	A	G
84096	84105	T	C
84103	84112	A	G
84114	84123	T	C
84120	84129	G	A
84128	84137	A	G
84129	84138	C	T
84137	84146	T	C
84141	84150	T	C
84156	84165	C	T
84159	84168	G	A
84161	84170	A	T
84170	84179	A	G
84174	84183	T	C
84181	84190	C	G
84201	84210	T	A
84222	84231	C	T
84242	84251	C	A
84244	84253	G	A
84247	84256	A	T
84249	84258	C	T
84252	84261	C	T
84253	84262	G	A
84258	84267	G	T
84264	84273	C	G
84265	84274	A	G
84267	84276	G	A
84275	84284	T	C
84280	84289	T	G
84281	84290	C	A
84283	84292	C	G
84287	84296	A	C
84290	84299	A	G
84291	84300	T	C
84310	84319	T	C
84314	84323	A	G
84337	84346	G	T
84346	84355	G	T
84355	84364	T	C
84361	84370	G	A
84363	84372	A	T
84393	84402	A	G
84400	84409	T	C
84406	84415	G	A
84416	84425	C	T
84426	84435	G	T
84445	84454	G	A
84462	84471	G	A
84473	84482	C	A
84480	84489	A	T
84485	84494	A	C
84486	84495	G	T
84504	84513	C	T
84506	84515	A	G
84522	84531	G	A
84523	84532	C	A
84525	84534	A	G
84527	84536	A	T
84529	84538	C	A
84537	84546	C	T
84539	84548	T	C
84543	84552	C	T
84544	84553	C	T
84563	84572	G	A
84594	84603	C	A
84597	84606	A	T
84599	84608	T	A
84604	84613	G	A
84605	84614	C	G
84610	84619	C	A
84620	84629	A	G
84622	84631	G	C
84623	84632	A	C
84625	84634	T	C
84629	84638	T	C
84638	84647	T	A
84644	84653	T	C
84648	84657	T	C
84654	84663	G	C
84675	84684	A	G
84681	84690	T	C
84682	84691	G	C
84684	84693	A	G
84685	84694	G	C
84686	84695	T	A
84697	84706	A	C
84698	84707	G	A
84725	84734	T	A
84732	84741	A	C
84742	84751	G	T
84747	84756	C	G
84755	84764	G	C
84767	84776	T	A
84773	84782	G	C
84782	84791	G	A
84789	84798	G	A
84804	84813	T	C
84805	84814	T	A
84808	84817	A	T
84821	84830	A	T
84837	84846	T	C
84848	84857	C	T
84851	84860	A	G
84852	84861	C	A
84860	84869	A	C
84864	84873	C	T
84871	84880	C	T
84897	84906	T	C
84898	84907	A	C
84906	84915	G	A
84912	84921	A	G
84916	84925	T	C
84917	84926	G	A
84939	84948	G	T
84940	84949	G	A
84941	84950	T	C
84942	84951	T	C
84945	84954	G	C
84962	84971	A	G
84965	84974	A	G
84974	84983	A	C
84983	84992	G	T
84985	84994	C	G
84998	85007	C	A
84999	85008	T	A
85005	85014	A	G
85023	85032	C	A
85039	85048	A	C
85043	85052	G	A
85065	85074	C	A
85066	85075	C	T
85076	85085	A	C
85078	85087	C	G
85084	85093	G	A
85102	85111	A	C
85110	85119	A	G
85116	85125	A	G
85117	85126	A	C
85118	85127	T	C
85119	85128	A	C
85122	85131	A	T
85123	85132	C	T
85124	85133	C	T
85125	85134	A	C
85129	85138	A	C
85132	85141	C	T
85149	85182	A	G
85170	85203	T	C
85171	85204	A	C
85172	85205	C	G
85191	85224	C	T
85197	85230	G	C
85198	85231	T	C
85199	85232	T	G
85202	85235	G	C
85216	85249	G	A
85228	85261	A	C
85236	85269	G	A
85239	85272	A	G
85255	85288	T	C
85257	85290	A	G
85264	85297	G	C
85268	85301	T	G
85278	85309	T	A
85281	85312	C	G
85283	85316	G	T
85313	85706	C	T
85317	85710	A	G
85320	85713	T	A
85328	85721	T	G
85332	85725	G	A
85340	85729	C	A
85373	85946	C	T
85377	85950	A	G
85380	85953	T	A
85388	85961	T	G
85391	85964	T	C
85392	85965	G	A
85398	85971	T	C
85399	85972	C	G
85411	85984	G	T
85415	85988	T	C
85422	85995	T	A
85424	85997	C	T
85426	85999	G	A
85428	86001	T	C
85431	86004	T	C
85435	86008	C	A
85443	86016	G	A
85444	86017	A	G
85452	86025	A	C
85456	86029	T	C
85464	86037	A	G
85487	86060	A	G
85488	86061	A	T
85509	86082	A	T
85510	86083	C	A
85515	86088	C	T
85544	86117	G	T
85547	86120	A	G
85548	86121	G	A
85563	86136	C	T
85566	86139	C	A
85569	86142	C	G
85570	86143	A	G
85574	86147	A	C
85590	86163	G	A
85594	86167	A	G
85602	86175	C	T
85611	86184	T	C
85612	86185	T	C
85614	86187	G	A
85626	86199	G	A
85633	86206	G	T
85640	86213	G	T
85648	86221	C	T
85652	86225	C	A
85657	86230	A	G
85669	86242	G	A
85699	86272	A	G
85711	86284	G	T
85712	86285	G	T
85715	86288	T	G
85726	86299	C	T
85734	86307	C	T
85755	86328	A	G
85757	86330	C	T
85763	86336	T	A
85764	86337	C	A
85765	86338	G	A
85774	86347	A	C
85781	86354	C	G
85783	86356	G	A
85787	86360	T	C
85794	86367	C	T
85801	86374	G	C
85806	86379	G	A
85813	86386	C	T
85816	86389	G	A
85817	86390	T	C
85824	86397	C	G
85826	86399	T	G
85837	86410	G	A
85845	86418	G	A
85877	86450	C	A
85891	86464	G	A
85903	86476	C	A
85950	86523	C	T
85964	86537	G	A
85965	86538	C	A
85969	86542	T	C
85994	86567	G	C
86000	86576	A	T
86058	86629	A	C
86101	86672	C	G
86114	86685	G	T
86124	86695	C	T
86132	86703	A	C
86143	86714	A	G
86153	86724	C	A
86157	86728	C	T
86160	86731	C	T
86167	86738	G	A
86168	86739	A	T
86178	86749	T	C
86191	86762	C	T
86194	86765	T	A
86197	86768	A	G
86199	86770	T	C
86212	86783	A	G
86221	86791	C	G
86230	86801	T	C
86232	86803	A	G
86233	86804	T	G
86247	86818	G	A
86250	86821	A	G
86251	86822	C	T
86253	86824	T	C
86254	86825	T	C
86262	86833	A	G
86265	86836	C	A
86325	86896	T	C
86328	86899	C	A
86351	86922	C	T
86370	86941	A	G
86376	86947	G	T
86388	86959	C	T
86401	86972	A	G
86402	86973	C	T
86421	86992	T	C
86432	87003	G	A
86448	87019	T	C
86519	87090	A	C
86561	87132	G	T
86577	87148	A	C
86641	87212	C	T
86642	87213	G	A
86648	87219	C	A
86654	87225	G	T
86675	87246	A	G
86689	87260	A	G
86697	87268	C	T
86711	87282	T	C
86783	87354	A	G
86800	87371	C	G
86806	87377	G	T
86808	87379	A	G
86811	87382	C	A
86825	87396	T	C
86839	87410	C	T
86848	87419	A	C
86894	87465	A	G
86926	87497	A	T
86938	87509	A	T
86973	87544	A	G
86985	87556	T	A
86990	87561	C	G
87052	87623	A	G
87054	87625	C	T
87057	87628	G	T
87146	87717	G	A
87167	87738	C	A
87179	87750	C	A
87187	87758	G	T
87199	87770	T	G
87232	87803	A	G
87266	87837	T	C
87275	87846	C	T
87296	87867	C	T
87311	87882	C	A
87344	87915	T	C
87353	87924	G	A
87394	87965	C	T
87397	87968	A	G
87409	87980	A	C
87416	87987	T	G
87422	87993	C	T
87425	87996	G	A
87454	88025	A	T
87467	88038	T	C
87468	88039	G	T
87480	88051	A	G
87494	88068	A	G
87522	88096	G	A
87528	88102	T	C
87535	88109	T	A
87537	88111	A	C
87555	88129	C	A
87557	88131	G	A
87563	88137	G	A
87565	88139	T	C
87568	88142	A	G
87571	88145	T	G
87573	88147	C	T
87577	88151	T	C
87590	88164	T	C
87591	88165	C	G
87601	88175	C	G
87604	88178	T	A
87609	88183	A	G
87612	88186	C	G
87614	88188	G	T
87618	88192	C	T
87620	88194	A	C
87621	88195	G	T
87630	88204	A	C
87638	88212	G	A
87647	88221	T	G
87671	88245	G	A
87674	88248	C	T
87684	88258	G	A
87719	88293	T	G
87725	88392	G	A
87731	88398	G	A
87732	88399	T	A
87742	88409	A	G
87760	88427	A	C
87770	88437	C	A
87804	88471	G	A
87805	88472	C	T
87813	88480	A	C
87815	88482	C	A
87827	88494	G	T
87830	88497	T	C
87831	88498	A	G
87843	88510	G	T
87846	88513	G	A
87847	88514	T	C
87848	88515	G	C
87849	88516	G	A
87856	88523	C	G
87859	88526	C	T
87861	88528	G	A
87862	88529	C	T
87865	88532	G	C
87873	88540	G	T
87876	88543	G	A
87878	88545	G	C
87886	88553	C	G
87889	88556	C	T
87891	88558	G	A
87892	88559	C	T
87895	88562	G	C
87897	88564	C	A
87903	88570	G	T
87906	88573	G	A
87908	88575	G	C
87916	88583	C	G
87919	88586	C	A
87921	88588	G	A
87922	88589	C	T
87925	88592	G	C
87933	88600	G	T
87936	88603	G	A
87938	88605	G	C
87961	88628	T	C
87966	88633	G	A
87968	88635	T	C
87976	88643	C	G
87999	88651	A	G
88011	88663	G	A
88014	88666	C	G
88023	88675	A	G
88024	88676	T	A
88025	88677	A	C
88035	88687	C	A
88045	88697	G	A
88054	88706	T	C
88064	88716	A	C
88066	88718	A	T
88071	88723	C	A
88087	88739	G	C
88089	88741	A	G
88090	88742	A	C
88096	88748	A	G
88098	88750	T	A
88118	88770	T	C
88121	88773	T	C
88127	88779	A	T
88128	88780	A	G
88129	88781	T	C
88131	88783	A	C
88133	88785	A	C
88134	88786	C	A
88139	88791	G	T
88160	88812	C	A
88162	88814	T	A
88167	88819	T	C
88169	88821	C	A
88179	88831	C	T
88185	88837	A	C
88191	88843	C	T
88195	88847	C	A
88204	88856	C	T
88211	88863	A	T
88216	88868	G	A
88217	88869	C	T
88219	88871	C	T
88224	88876	T	C
88228	88880	T	C
88229	88881	G	A
88230	88882	A	G
88244	88896	G	T
88254	88906	A	C
88257	88909	G	C
88261	88913	G	T
88262	88914	T	A
88274	88926	T	C
88289	88941	A	G
88304	88956	C	T
88335	88987	G	A
88349	89001	A	G
88364	89016	C	T
88365	89017	G	A
88366	89018	T	C
88370	89022	T	A
88371	89023	G	A
88375	89027	A	T
88376	89028	A	G
88382	89033	T	C
88390	89042	C	A
88392	89044	C	T
88393	89045	C	T
88399	89051	A	C
88400	89052	G	T
88404	89056	T	C
88405	89057	A	G
88407	89059	C	G
88412	89064	G	T
88414	89066	C	T
88417	89069	C	A
88422	89074	C	A
88438	89090	A	C
88446	89098	C	G
88454	89106	G	A
88456	89108	C	G
88472	89125	A	T
88474	89127	A	T
88477	89253	A	C
88478	89254	G	C
88481	89257	A	T
88483	89259	A	C
88487	89265	G	A
88490	89268	G	T
88493	89271	G	A
88494	89272	C	T
88495	89273	C	A
88496	89274	G	T
88498	89276	C	T
88499	89277	C	G
88500	89278	C	T
88506	89287	C	G
88507	89288	T	G
88513	89294	C	T
88514	89295	A	G
88522	89303	A	G
88529	89310	A	T
88535	89316	G	A
88545	89326	A	C
88548	89329	C	T
88550	89331	A	G
88554	89335	T	C
88566	89347	T	A
88568	89349	T	A
88578	89359	C	A
88582	89363	G	T
88587	89368	C	T
88588	89369	C	T
88589	89370	A	G
88593	89374	T	C
88597	89378	A	G
88601	89382	T	A
88604	89385	T	C
88605	89386	G	A
88606	89387	T	G
88617	89398	A	T
88619	89400	C	T
88625	89406	T	C
88632	89413	G	A
88634	89415	T	A
88638	89419	A	T
88641	89422	G	T
88644	89425	C	G
88718	89499	A	T
88753	89534	T	C
88784	89586	A	G
88880	89682	T	C
88965	89767	A	C
88979	89781	G	T
89009	89811	T	C
89031	89833	G	T
89051	89853	C	T
89084	89886	G	A
89087	89889	C	T
89090	89892	G	A
89105	89907	C	T
89489	90291	A	G
89491	90293	C	T
89517	90319	G	T
89555	90357	G	T
89568	90370	T	C
89603	90405	C	T
89712	90514	G	T
89715	90517	T	C
89717	90519	C	A
89820	90622	T	C
89851	90653	G	A
90047	90849	C	A
90099	90902	A	C
90101	90904	G	A
90102	90905	C	T
90108	90911	G	A
90126	90929	G	C
90128	90931	A	G
90159	90962	T	A
90216	91019	T	A
90231	91034	G	A
90294	91097	A	G
90303	91106	A	G
90320	91151	C	T
90321	91152	A	T
90344	91174	C	A
90350	91180	C	T
90361	91191	C	T
90380	91210	T	A
90390	91220	G	T
90394	91224	G	A
90413	91243	A	G
90431	91261	A	G
90472	91302	G	A
90498	91328	T	G
90574	91404	G	T
90586	91416	C	T
90642	91472	A	G
90658	91488	C	T
90666	91496	T	C
90685	91515	T	G
90748	91578	C	T
91006	91836	A	C
91012	91842	T	C
91047	91877	T	C
91271	92101	C	T
91366	92196	T	C
91430	92260	T	C
91438	92268	C	T
91766	92596	G	T
93894	94724	G	T
94866	95696	C	A
94901	95731	T	G
94951	95781	A	G
94981	95811	G	A
94987	95817	C	T
95012	95842	C	T
95013	95843	G	A
95051	95881	G	A
95171	96001	A	G
95302	96132	T	C
95401	96231	A	C
95405	96235	G	T
95435	96265	C	T
95442	96272	C	T
95459	96289	G	A
95622	96452	G	A
95676	96506	G	A
95707	96537	G	C
95714	96544	G	A
95733	96563	A	C
95740	96570	G	A
95769	96599	T	G
95829	96659	C	T
95914	96744	A	G
95946	96782	G	A
96003	96839	G	A
96120	96947	G	A
96155	96982	G	C
96156	96983	G	A
96158	96985	C	G
96236	97072	G	C
96237	97073	G	A
96239	97075	C	G
96294	97130	A	C
96309	97145	A	C
96338	97174	G	C
96339	97175	G	A
96341	97177	C	G
96792	97622	A	T
96890	97720	G	C
96946	97776	G	A
97055	97885	T	A
97072	97902	C	G
97085	97915	A	G
97088	97918	C	A
97120	97950	G	C
97121	97951	C	T
97135	97965	A	T
97158	97988	C	G
97161	97991	A	T
97166	97996	C	A
97221	98051	A	C
97232	98062	C	T
97235	98065	C	G
97320	98150	G	A
97350	98180	G	T
97382	98212	T	G
97411	98241	A	T
97414	98244	A	C
97442	98272	G	A
97676	98506	G	A
97698	98528	T	C
98148	98978	G	C
98235	99065	C	A
98244	99074	T	A
98262	99092	A	G
98377	99207	G	A
98397	99227	T	C
98439	99269	C	T
99851	100681	T	C
100129	100959	C	T
100304	101134	G	A
100433	101263	T	G
100589	101419	C	T
100601	101431	G	C
100640	101470	G	A
100652	101482	G	T
100748	101578	C	A
100778	101608	A	C
100841	101671	G	A
100856	101686	A	G
100886	101716	A	G
100957	101787	C	T
101291	102121	A	G
101453	102283	G	T
101521	102351	G	T
101803	102633	G	T
101862	102692	C	T
101954	102784	C	T
101978	102808	T	G
102068	102898	C	T
102455	103285	C	T
102502	103332	A	G
102573	103403	A	G
102686	103516	C	A
102989	103819	A	G
102995	103825	A	G
103695	104525	A	G
106688	107518	A	G
106891	107721	G	T
107223	108053	A	G
107367	108197	C	T
107458	108288	G	A
107593	108423	A	G
107604	108434	C	A
107793	108623	G	A
108013	108843	G	A
109819	110649	T	G
109894	110724	T	C
109917	110747	A	T
111506	112336	T	C
112088	112918	T	C
112100	112930	C	T
112112	112942	G	A
112202	113032	T	A
112349	113179	A	C
112388	113218	G	A
112703	113533	T	G
112712	113542	C	T
112763	113593	A	G
112919	113749	T	C
112994	113824	A	C
113264	114094	A	G
113719	114549	A	G
113860	114690	C	T
114217	115047	A	T
114250	115080	T	G
114758	115588	C	G
115591	116418	C	T
115691	116518	A	C
115832	116659	A	C
116808	117635	A	G
116876	117703	C	G
116887	117714	C	G
116902	117729	C	A
117232	118059	C	T
117796	118623	C	A
118379	119206	A	T
118531	119358	A	G
118560	119387	A	G
118587	119414	A	G
118710	119537	A	G
118745	119572	T	G
118746	119573	A	G
120321	121148	G	A
121861	122688	A	C
122482	123309	A	G
122490	123317	C	T
122491	123318	A	G
122611	123438	G	T
122635	123462	G	A
122725	123552	T	C
123028	123855	A	T
123228	124055	A	C
123493	124320	A	G
124273	125100	A	G
124579	125406	G	A
124618	125445	A	G
125082	125909	A	G
125089	125916	A	G
125273	126100	A	G
125365	126192	G	T
125389	126216	G	A
125413	126240	C	T
125574	126401	A	G
125688	126515	G	A
125719	126546	T	G
125890	126717	T	C
126064	126891	C	T
126094	126921	T	C
126098	126925	T	G
126125	126952	T	G
126136	126963	G	A
126172	126999	G	C
126173	127000	C	A
126174	127001	G	T
126187	127014	G	T
126232	127059	A	G
126271	127098	A	G
126375	127202	C	T
126427	127254	C	T
126682	127509	G	A
126819	127646	G	A
126882	127709	A	G
127195	128022	G	T
127598	128425	A	G
127616	128443	G	A
128037	128864	A	G
129101	129928	A	G
129200	130027	C	A
129249	130076	G	A
129338	130165	T	C
129644	130471	A	C
129656	130483	C	A
129688	130515	T	C
129836	130663	A	G
129905	130732	C	T
130159	130986	C	T
130691	131518	G	A
131496	132323	G	A
131751	132578	T	C
131776	132603	A	G
131901	132728	G	A
132036	132863	G	A
132183	133010	G	T
132246	133073	C	T
132393	133220	G	T
132399	133226	G	A
132429	133256	A	G
132585	133412	G	A
132606	133433	A	G
132633	133460	T	C
132673	133500	C	A
132717	133544	G	A
132756	133583	A	G
132830	133657	A	C
132831	133658	T	C
133780	134607	G	A
134158	134985	G	A
134200	135027	T	C
134425	135252	C	T
134665	135492	G	A
134887	135714	C	G
135061	135888	A	G
135403	136230	T	C
135408	136235	A	G
135673	136500	C	T
135867	136694	A	T
135950	136777	G	T
136252	137079	A	C
136348	137175	C	T
136413	137240	C	A
136933	137760	C	T
136975	137802	T	C
137081	137908	T	C
137799	138626	G	C
137883	138710	T	C
138283	139110	T	C
138577	139405	T	G
138580	139408	A	C
138624	139452	G	A
138699	139527	G	T
138723	139551	T	C
138987	139818	C	A
139026	139857	T	C
139070	139901	T	C
139209	140037	G	C
139600	140428	A	G
139640	140469	T	C
139650	140479	T	C
139654	140483	A	C
140327	141155	A	C
140347	141175	G	A
140381	141209	G	T
140518	141344	T	C
140560	141386	T	C
140591	141417	G	T
140601	141427	T	G
140663	141489	T	C
140735	141561	T	C
140829	141656	C	T
140929	141756	G	C
143282	144693	A	G
143283	144694	T	G
143289	144700	T	G
143450	144862	C	T
143505	144916	C	T
143565	144976	G	C
143631	145042	T	A
143690	145101	G	A
144170	145581	A	G
144348	145759	C	A
144871	146282	G	A
144997	146408	G	C
145076	146487	T	A
145337	146748	G	A
145493	146904	A	G
145539	146950	T	C
145589	147000	C	A
145602	147013	G	A
145624	147035	T	G
145648	147059	G	T
145696	147181	A	G
145698	147183	A	G
145738	147223	C	T
146031	147516	G	A
146116	147600	G	A
146144	147628	A	G
146188	147672	T	A
146242	147726	A	G
146260	147744	A	T
146300	147784	G	A
146304	147788	T	C
146317	147801	G	T
146360	147844	T	G
146399	147883	G	T
146466	147950	A	T
146558	148042	C	T
146594	148078	C	G
146691	148175	C	T
146752	148236	C	T
148484	149968	T	C
148628	150112	T	A
149635	151119	T	G
149794	151278	G	A
150022	151506	A	G
150028	151512	G	A
150172	151656	G	A
150675	152159	A	G
150750	152234	C	T
150754	152238	G	A
150981	152465	C	T
151110	152594	G	A
151140	152624	G	T
151207	152691	G	A
151644	153128	T	C
151671	153155	C	A
151701	153185	A	G
151822	153306	A	G
151943	153427	A	G
152024	153508	A	G
152245	153729	T	G
152612	154096	G	A
153961	155445	A	C
154078	155562	C	T
154387	155871	T	C
154939	156423	G	A
154972	156456	G	T
155326	156810	G	A
155389	156873	C	T
157359	158843	T	G
157428	158912	A	G
157467	158951	G	A
157535	159019	T	C
157557	159041	G	A
157578	159062	A	G
157598	159082	G	A
157619	159103	A	G
157626	159110	T	G
158016	159500	C	G
158808	160292	A	G
158947	160431	G	C
159208	160692	T	C
159220	160704	G	A
159760	161244	C	G
159910	161394	G	A
159960	161444	C	G
160087	161571	C	T
160243	161727	C	A
160249	161733	G	C
160621	162105	A	G
160804	162288	C	T
160842	162326	T	C
161119	162603	T	C
161640	163124	G	A
162675	164159	T	C
162885	164369	G	A
162963	164447	A	G
163458	164942	T	C
163482	164966	T	G
163869	165353	C	A
163916	165400	T	C
163953	165437	C	T
164148	165632	G	A
165736	167220	T	C
165749	167233	T	G
165939	167423	G	C
165953	167437	C	T
165965	167449	T	C
166169	167653	T	G
166625	168109	A	C
167217	168701	C	A
167377	168861	T	C
167489	168975	T	G
167767	169253	A	T
167850	169306	A	G
167862	169318	T	C
167897	169353	T	A
167899	169355	G	T
167903	169359	A	T
167937	169393	C	T
167970	169426	T	G
168177	169618	C	G
168320	169761	T	C
168383	169824	T	C
168476	169917	C	A
168499	169940	T	G
168564	170005	T	C
168622	170063	A	T
168764	170205	T	G
168834	170275	C	T
169131	170572	C	G
169215	170656	G	A
169241	170682	T	A
169290	170731	C	G
169385	170826	C	T
169687	171127	T	C
169702	171142	C	T
169726	171166	T	A
169793	171233	G	T
169795	171235	A	G
169801	171241	C	A
169807	171247	T	A
169827	171267	C	A
169831	171271	C	G
169832	171272	G	C
169833	171273	G	C
169853	171293	T	C
169856	171296	T	G
169863	171303	G	A
169879	171319	T	C
169979	171420	G	C
169986	171427	C	G
170013	171454	A	C
170021	171462	A	G
170022	171463	T	C
170109	171550	C	G
170110	171551	G	C
170123	171564	G	A
170178	171626	G	C
170225	171685	T	C
170240	171700	C	T
170264	171724	T	A
170331	171791	G	T
170333	171793	A	G
170339	171799	C	A
170345	171805	T	A
170365	171825	C	A
170369	171829	C	G
170370	171830	G	C
170371	171831	G	C
170391	171851	T	C
170394	171854	T	G
170401	171861	G	A
170417	171877	T	C
170517	171978	G	C
170524	171985	C	G
170551	172012	A	C
170559	172020	A	G
170560	172021	T	C
170647	172108	C	G
170648	172109	G	C
170661	172122	G	A
170697	172158	T	G
170705	172166	G	C
170748	172229	T	C
170763	172244	C	T
170787	172268	T	A
170854	172335	G	T
170856	172337	A	G
170862	172343	C	A
170868	172349	T	A
170888	172369	C	A
170892	172373	C	G
170893	172374	G	C
170894	172375	G	C
170914	172395	T	C
170917	172398	T	G
170924	172405	G	A
170940	172421	T	C
171040	172522	G	C
171047	172529	C	G
171074	172556	A	C
171082	172564	A	G
171083	172565	T	C
171170	172652	C	G
171171	172653	G	C
171184	172666	G	A
